month,latitude,longitude,fishing_hours,longline_hours,lka_hours
2012-02-01,5.45,80.45,0.0,0.0,0.0
2012-02-01,5.45,80.65,0.0,0.0,0.0
2012-02-01,5.45,80.75,0.0,0.0,0.0
2012-02-01,5.45,81.05,0.0,0.0,0.0
2012-02-01,5.45,81.75,0.0,0.0,0.0
2012-02-01,5.55,82.15,0.0,0.0,0.0
2012-02-01,5.55,82.35,0.0,0.0,0.0
2012-02-01,5.55,82.65,0.0,0.0,0.0
2012-02-01,5.55,82.75,0.0,0.0,0.0
2012-02-01,5.75,79.45,0.0,0.0,0.0
2012-02-01,6.05,78.85,0.0,0.0,0.0
2012-03-01,5.75,80.25,0.0,0.0,0.0
2012-03-01,5.85,80.25,0.0,0.0,0.0
2012-03-01,5.85,80.35,0.0,0.0,0.0
2012-03-01,5.85,81.55,0.0,0.0,0.0
2012-03-01,5.85,82.05,0.0,0.0,0.0
2012-03-01,5.85,82.75,0.0,0.0,0.0
2012-03-01,5.95,79.45,0.0,0.0,0.0
2012-03-01,5.95,79.55,0.0,0.0,0.0
2012-03-01,6.05,79.35,0.0,0.0,0.0
2012-06-01,5.65,80.15,0.0,0.0,0.0
2012-06-01,5.65,80.35,0.0,0.0,0.0
2012-06-01,5.75,79.75,0.0,0.0,0.0
2012-06-01,5.75,81.15,0.0,0.0,0.0
2012-06-01,5.85,79.45,0.0,0.0,0.0
2012-06-01,5.95,79.15,0.0,0.0,0.0
2012-08-01,4.75,78.95,0.0,0.0,0.0
2012-08-01,4.75,79.85,0.0,0.0,0.0
2012-08-01,4.95,79.05,0.0,0.0,0.0
2012-08-01,5.05,79.95,0.0,0.0,0.0
2012-08-01,5.15,79.05,0.0,0.0,0.0
2012-08-01,5.35,79.15,0.0,0.0,0.0
2012-08-01,5.35,80.05,0.0,0.0,0.0
2012-08-01,5.45,79.15,0.0,0.0,0.0
2012-08-01,5.45,79.55,0.0,0.0,0.0
2012-08-01,5.45,80.05,0.0,0.0,0.0
2012-08-01,5.65,80.15,0.0,0.0,0.0
2012-08-01,5.75,80.15,0.0,0.0,0.0
2012-08-01,5.75,81.75,0.0,0.0,0.0
2012-08-01,5.75,81.85,0.0,0.0,0.0
2012-08-01,5.75,82.15,0.0,0.0,0.0
2012-08-01,5.75,82.55,0.0,0.0,0.0
2012-08-01,5.85,81.35,0.0,0.0,0.0
2012-08-01,5.85,81.75,0.0,0.0,0.0
2012-08-01,5.85,81.95,0.0,0.0,0.0
2012-08-01,5.95,80.25,0.0,0.0,0.0
2012-08-01,6.65,79.55,0.0,0.0,0.0
2012-08-01,6.85,79.65,0.0,0.0,0.0
2012-08-01,6.95,79.85,0.0,0.0,0.0
2012-09-01,4.85,79.65,0.0,0.0,0.0
2012-09-01,5.45,79.65,0.0,0.0,0.0
2012-09-01,5.75,79.65,0.0,0.0,0.0
2012-09-01,5.75,80.35,0.0,0.0,0.0
2012-09-01,5.85,79.65,0.0,0.0,0.0
2012-09-01,5.85,80.15,0.0,0.0,0.0
2012-09-01,5.85,80.25,0.0,0.0,0.0
2012-09-01,5.85,80.35,0.0,0.0,0.0
2012-09-01,5.85,80.85,0.0,0.0,0.0
2012-09-01,5.85,81.05,0.0,0.0,0.0
2012-09-01,5.85,81.15,0.0,0.0,0.0
2012-09-01,5.85,81.35,0.0,0.0,0.0
2012-09-01,5.85,81.65,0.0,0.0,0.0
2012-09-01,5.85,82.45,0.0,0.0,0.0
2012-09-01,5.85,82.65,0.0,0.0,0.0
2012-09-01,5.95,80.15,0.0,0.0,0.0
2012-09-01,6.15,79.65,0.0,0.0,0.0
2012-09-01,6.45,78.95,0.0,0.0,0.0
2012-09-01,6.85,79.65,0.0,0.0,0.0
2012-09-01,6.95,79.65,0.0,0.0,0.0
2012-09-01,6.95,79.75,0.0,0.0,0.0
2012-09-01,6.95,79.85,0.0,0.0,0.0
2012-10-01,5.75,80.75,0.0,0.0,0.0
2012-10-01,5.85,81.45,0.0,0.0,0.0
2012-10-01,5.85,81.85,0.0,0.0,0.0
2012-10-01,5.85,82.65,0.0,0.0,0.0
2012-10-01,6.15,79.15,0.0,0.0,0.0
2012-10-01,6.25,78.75,0.0,0.0,0.0
2012-12-01,5.75,81.05,0.0,0.0,0.0
2012-12-01,5.75,81.45,0.0,0.0,0.0
2012-12-01,5.85,81.45,0.0,0.0,0.0
2012-12-01,5.85,81.85,0.0,0.0,0.0
2012-12-01,5.85,82.15,0.0,0.0,0.0
2012-12-01,5.85,82.25,0.0,0.0,0.0
2012-12-01,5.85,82.35,0.0,0.0,0.0
2012-12-01,5.85,82.65,0.0,0.0,0.0
2012-12-01,6.15,78.95,0.0,0.0,0.0
2012-12-01,6.15,79.25,0.0,0.0,0.0
2013-01-01,4.75,79.75,0.0,0.0,0.0
2013-01-01,4.75,81.45,0.0,0.0,0.0
2013-01-01,4.85,81.25,0.0,0.0,0.0
2013-01-01,4.85,81.65,0.0,0.0,0.0
2013-01-01,5.05,79.65,0.0,0.0,0.0
2013-01-01,5.05,79.85,0.0,0.0,0.0
2013-01-01,5.05,81.05,0.0,0.0,0.0
2013-01-01,5.05,81.35,0.0,0.0,0.0
2013-01-01,5.15,79.65,0.0,0.0,0.0
2013-01-01,5.15,81.15,0.0,0.0,0.0
2013-01-01,5.25,80.05,0.0,0.0,0.0
2013-01-01,5.25,80.85,0.0,0.0,0.0
2013-01-01,5.25,81.15,0.0,0.0,0.0
2013-01-01,5.35,79.55,0.0,0.0,0.0
2013-01-01,5.35,79.95,0.0,0.0,0.0
2013-01-01,5.35,80.85,0.0,0.0,0.0
2013-01-01,5.35,80.95,0.0,0.0,0.0
2013-01-01,5.45,80.65,0.0,0.0,0.0
2013-01-01,5.45,80.75,0.0,0.0,0.0
2013-01-01,5.45,81.85,0.0,0.0,0.0
2013-01-01,5.45,81.95,0.0,0.0,0.0
2013-01-01,5.45,82.05,0.0,0.0,0.0
2013-01-01,5.45,82.15,0.0,0.0,0.0
2013-01-01,5.45,82.25,0.0,0.0,0.0
2013-01-01,5.55,78.85,0.0,0.0,0.0
2013-01-01,5.55,80.05,0.0,0.0,0.0
2013-01-01,5.55,80.15,0.0,0.0,0.0
2013-01-01,5.55,80.45,0.0,0.0,0.0
2013-01-01,5.55,82.45,0.0,0.0,0.0
2013-01-01,5.65,80.05,0.0,0.0,0.0
2013-01-01,5.75,80.15,0.0,0.0,0.0
2013-01-01,5.75,80.25,0.0,0.0,0.0
2013-01-01,5.75,80.35,0.0,0.0,0.0
2013-01-01,5.95,80.25,0.0,0.0,0.0
2013-01-01,6.25,79.55,0.0,0.0,0.0
2013-02-01,5.85,82.05,0.0,0.0,0.0
2013-02-01,6.05,79.45,0.0,0.0,0.0
2013-02-01,6.05,79.55,0.0,0.0,0.0
2013-02-01,6.25,78.85,0.0,0.0,0.0
2013-03-01,6.95,78.85,0.0,0.0,0.0
2013-03-01,6.95,79.85,0.0,0.0,0.0
2013-03-01,7.05,79.75,0.0,0.0,0.0
2013-03-01,7.05,79.85,0.0,0.0,0.0
2013-04-01,5.65,79.05,0.0,0.0,0.0
2013-04-01,5.75,79.75,0.0,0.0,0.0
2013-04-01,5.75,80.65,0.0,0.0,0.0
2013-04-01,5.75,82.75,0.0,0.0,0.0
2013-04-01,5.85,80.15,0.0,0.0,0.0
2013-04-01,5.85,80.25,0.0,0.0,0.0
2013-04-01,5.85,80.35,0.0,0.0,0.0
2013-04-01,6.85,79.65,0.0,0.0,0.0
2013-04-01,6.85,79.75,0.0,0.0,0.0
2013-04-01,6.95,79.75,0.0,0.0,0.0
2013-04-01,6.95,79.85,0.0,0.0,0.0
2013-05-01,4.85,80.15,0.0,0.0,0.0
2013-05-01,4.95,80.15,0.0,0.0,0.0
2013-05-01,5.15,79.05,0.0,0.0,0.0
2013-05-01,5.15,80.15,0.0,0.0,0.0
2013-05-01,5.35,80.15,0.0,0.0,0.0
2013-05-01,5.55,80.75,0.0,0.0,0.0
2013-05-01,5.65,80.25,0.0,0.0,0.0
2013-05-01,5.75,80.25,0.0,0.0,0.0
2013-05-01,5.85,79.35,0.0,0.0,0.0
2013-05-01,5.85,79.85,0.0,0.0,0.0
2013-05-01,5.85,81.35,0.0,0.0,0.0
2013-05-01,5.85,81.55,0.0,0.0,0.0
2013-05-01,5.85,82.45,0.0,0.0,0.0
2013-05-01,5.85,82.65,0.0,0.0,0.0
2013-05-01,5.95,80.15,0.0,0.0,0.0
2013-05-01,5.95,80.25,0.0,0.0,0.0
2013-05-01,5.95,80.35,0.0,0.0,0.0
2013-05-01,5.95,82.45,0.0,0.0,0.0
2013-05-01,6.05,79.35,0.0,0.0,0.0
2013-05-01,6.05,79.55,0.0,0.0,0.0
2013-05-01,6.05,79.95,0.0,0.0,0.0
2013-05-01,6.05,80.05,0.0,0.0,0.0
2013-05-01,6.15,79.45,0.0,0.0,0.0
2013-05-01,6.15,79.65,0.0,0.0,0.0
2013-05-01,6.15,79.75,0.0,0.0,0.0
2013-05-01,6.35,79.15,0.0,0.0,0.0
2013-05-01,6.35,79.45,0.0,0.0,0.0
2013-05-01,6.35,79.65,0.0,0.0,0.0
2013-05-01,6.35,79.75,0.0,0.0,0.0
2013-05-01,6.35,79.95,0.0,0.0,0.0
2013-05-01,6.45,79.85,0.0,0.0,0.0
2013-05-01,6.55,79.55,0.0,0.0,0.0
2013-05-01,6.55,79.65,0.0,0.0,0.0
2013-05-01,6.65,79.65,0.0,0.0,0.0
2013-05-01,6.65,79.75,0.0,0.0,0.0
2013-05-01,6.65,79.85,0.0,0.0,0.0
2013-05-01,6.75,79.15,0.0,0.0,0.0
2013-05-01,6.75,79.35,0.0,0.0,0.0
2013-05-01,6.75,79.45,0.0,0.0,0.0
2013-05-01,6.75,79.55,4.2699,4.2699,0.0
2013-05-01,6.75,79.65,1.048,1.048,0.0
2013-05-01,6.75,79.75,0.0,0.0,0.0
2013-05-01,6.85,78.75,0.0,0.0,0.0
2013-05-01,6.85,79.05,0.0,0.0,0.0
2013-05-01,6.85,79.35,0.0,0.0,0.0
2013-05-01,6.85,79.65,10.5763,10.5763,0.0
2013-05-01,6.85,79.75,0.2216,0.2216,0.0
2013-05-01,6.95,79.45,0.0,0.0,0.0
2013-05-01,6.95,79.65,9.0122,9.0122,0.0
2013-05-01,6.95,79.75,9.9908,9.9908,0.0
2013-05-01,6.95,79.85,0.0,0.0,0.0
2013-05-01,7.05,78.85,0.0,0.0,0.0
2013-05-01,7.05,79.75,0.2483,0.0,0.0
2013-06-01,5.55,79.95,0.0,0.0,0.0
2013-06-01,5.55,80.35,0.0,0.0,0.0
2013-06-01,5.55,80.55,0.0,0.0,0.0
2013-06-01,5.55,80.75,0.0,0.0,0.0
2013-06-01,5.65,81.15,0.0,0.0,0.0
2013-06-01,5.65,81.65,0.0,0.0,0.0
2013-06-01,5.65,82.05,0.0,0.0,0.0
2013-06-01,5.65,82.45,0.0,0.0,0.0
2013-06-01,5.75,81.95,0.0,0.0,0.0
2013-06-01,5.75,82.15,0.0,0.0,0.0
2013-06-01,5.85,79.65,0.0,0.0,0.0
2013-06-01,5.85,80.35,0.0,0.0,0.0
2013-06-01,5.85,80.55,0.0,0.0,0.0
2013-06-01,5.85,81.75,0.0,0.0,0.0
2013-06-01,5.95,79.45,0.0,0.0,0.0
2013-06-01,6.15,79.15,0.0,0.0,0.0
2013-07-01,4.75,80.15,0.0,0.0,0.0
2013-07-01,5.55,79.05,0.0,0.0,0.0
2013-08-01,6.65,79.85,0.0,0.0,0.0
2013-08-01,6.75,79.85,0.0,0.0,0.0
2013-08-01,6.85,79.75,0.0,0.0,0.0
2013-08-01,6.85,79.85,0.0,0.0,0.0
2013-08-01,6.95,79.75,0.0,0.0,0.0
2013-08-01,6.95,79.85,0.0,0.0,0.0
2013-08-01,7.05,79.75,0.0,0.0,0.0
2013-09-01,4.75,79.35,0.0,0.0,0.0
2013-09-01,4.85,79.35,0.0,0.0,0.0
2013-09-01,5.85,79.55,0.0,0.0,0.0
2013-09-01,6.15,79.65,0.0,0.0,0.0
2013-09-01,6.45,79.65,0.0,0.0,0.0
2013-09-01,6.65,79.75,0.0,0.0,0.0
2013-09-01,6.75,79.75,0.0,0.0,0.0
2013-09-01,6.85,79.75,0.0,0.0,0.0
2013-09-01,6.95,79.75,0.0,0.0,0.0
2013-09-01,6.95,79.85,0.0,0.0,0.0
2013-10-01,4.95,79.75,0.0,0.0,0.0
2013-10-01,5.35,82.45,0.0,0.0,0.0
2013-10-01,5.55,80.05,0.0,0.0,0.0
2013-10-01,5.55,81.45,0.0,0.0,0.0
2013-10-01,5.55,81.65,0.0,0.0,0.0
2013-10-01,5.65,80.95,0.0,0.0,0.0
2013-10-01,5.75,80.45,0.0,0.0,0.0
2013-10-01,5.75,80.75,0.0,0.0,0.0
2013-10-01,5.75,81.05,0.0,0.0,0.0
2013-10-01,5.85,80.15,0.0,0.0,0.0
2013-10-01,5.85,81.95,0.0,0.0,0.0
2013-10-01,5.85,82.65,0.0,0.0,0.0
2013-10-01,5.95,80.15,0.0,0.0,0.0
2013-10-01,5.95,80.25,0.0,0.0,0.0
2013-10-01,6.25,79.45,0.0,0.0,0.0
2013-10-01,6.25,79.55,0.0,0.0,0.0
2013-10-01,6.45,78.85,0.0,0.0,0.0
2013-10-01,6.55,78.85,0.0,0.0,0.0
2013-11-01,4.95,80.35,0.0,0.0,0.0
2013-11-01,5.05,79.85,0.0,0.0,0.0
2013-11-01,5.05,80.25,0.0,0.0,0.0
2013-11-01,5.15,80.25,0.0,0.0,0.0
2013-11-01,5.95,80.25,0.0,0.0,0.0
2013-11-01,6.05,80.05,0.0,0.0,0.0
2013-11-01,6.25,79.75,0.0,0.0,0.0
2013-11-01,6.35,79.45,0.0,0.0,0.0
2013-11-01,6.55,79.85,0.0,0.0,0.0
2013-11-01,6.65,78.95,0.0,0.0,0.0
2013-11-01,6.65,79.75,0.0,0.0,0.0
2013-11-01,6.85,78.75,0.0,0.0,0.0
2013-11-01,6.85,79.75,0.0,0.0,0.0
2013-11-01,6.95,79.75,0.0,0.0,0.0
2013-11-01,6.95,79.85,0.0,0.0,0.0
2013-11-01,7.05,79.75,0.0,0.0,0.0
2014-01-01,5.75,80.55,0.0,0.0,0.0
2014-01-01,5.75,80.75,0.0,0.0,0.0
2014-01-01,5.75,81.25,0.0,0.0,0.0
2014-01-01,5.85,82.65,0.0,0.0,0.0
2014-01-01,5.85,82.75,0.0,0.0,0.0
2014-01-01,5.95,80.05,0.0,0.0,0.0
2014-01-01,6.05,79.65,0.0,0.0,0.0
2014-01-01,6.45,79.45,0.0,0.0,0.0
2014-01-01,6.75,79.75,0.0,0.0,0.0
2014-01-01,6.85,79.65,12.6222,0.0,0.0
2014-01-01,6.85,79.75,0.0,0.0,0.0
2014-01-01,6.95,79.65,0.0,0.0,0.0
2014-01-01,6.95,79.75,19.2483,0.0,0.0
2014-01-01,6.95,79.85,0.0,0.0,0.0
2014-01-01,7.05,79.75,144.028,0.0,0.0
2014-01-01,7.05,79.85,0.0,0.0,0.0
2014-02-01,4.75,80.35,0.0,0.0,0.0
2014-02-01,4.95,80.15,0.0,0.0,0.0
2014-02-01,5.05,79.95,0.0,0.0,0.0
2014-02-01,5.15,79.85,0.0,0.0,0.0
2014-02-01,5.55,80.35,0.0,0.0,0.0
2014-02-01,5.55,80.75,0.0,0.0,0.0
2014-02-01,5.55,81.05,0.0,0.0,0.0
2014-02-01,5.55,81.65,0.0,0.0,0.0
2014-02-01,5.55,81.95,0.0,0.0,0.0
2014-02-01,5.55,82.25,0.0,0.0,0.0
2014-02-01,5.55,82.65,0.0,0.0,0.0
2014-02-01,5.75,79.75,0.0,0.0,0.0
2014-02-01,5.75,80.45,0.0,0.0,0.0
2014-02-01,5.75,80.75,0.0,0.0,0.0
2014-02-01,5.75,81.25,0.0,0.0,0.0
2014-02-01,5.75,81.45,0.0,0.0,0.0
2014-02-01,5.75,81.75,0.0,0.0,0.0
2014-02-01,5.75,82.35,0.0,0.0,0.0
2014-02-01,5.85,80.25,0.0,0.0,0.0
2014-02-01,5.85,80.35,0.0,0.0,0.0
2014-02-01,5.95,80.15,0.0,0.0,0.0
2014-02-01,5.95,80.25,0.0,0.0,0.0
2014-02-01,6.05,79.75,0.0,0.0,0.0
2014-02-01,6.25,79.25,0.0,0.0,0.0
2014-02-01,6.25,79.35,0.0,0.0,0.0
2014-02-01,6.35,79.75,0.0,0.0,0.0
2014-02-01,6.65,79.75,0.0,0.0,0.0
2014-02-01,6.75,79.75,0.0,0.0,0.0
2014-02-01,6.85,79.75,0.0,0.0,0.0
2014-02-01,6.95,78.75,0.0,0.0,0.0
2014-02-01,6.95,78.95,0.0,0.0,0.0
2014-02-01,6.95,79.15,0.0,0.0,0.0
2014-02-01,6.95,79.75,55.1794,0.0,0.0
2014-02-01,6.95,79.85,0.0,0.0,0.0
2014-02-01,7.05,79.75,4.3333,0.0,0.0
2014-03-01,5.25,80.35,0.0,0.0,0.0
2014-03-01,5.35,80.25,0.0,0.0,0.0
2014-03-01,5.45,80.85,0.0,0.0,0.0
2014-03-01,5.45,81.75,0.0,0.0,0.0
2014-03-01,5.55,80.55,0.0,0.0,0.0
2014-03-01,5.55,82.25,0.0,0.0,0.0
2014-03-01,5.75,79.65,0.0,0.0,0.0
2014-03-01,5.75,79.85,0.0,0.0,0.0
2014-03-01,5.85,79.65,0.0,0.0,0.0
2014-03-01,5.85,80.65,0.0,0.0,0.0
2014-03-01,5.85,82.15,0.0,0.0,0.0
2014-03-01,5.95,79.65,0.0,0.0,0.0
2014-03-01,5.95,79.85,0.0,0.0,0.0
2014-03-01,6.05,79.65,0.0,0.0,0.0
2014-03-01,6.05,79.85,0.0,0.0,0.0
2014-03-01,6.15,79.75,0.0,0.0,0.0
2014-03-01,6.25,79.25,0.0,0.0,0.0
2014-03-01,6.35,78.75,0.0,0.0,0.0
2014-03-01,6.45,78.75,6.5088,6.5088,0.0
2014-03-01,6.45,78.95,0.0,0.0,0.0
2014-03-01,6.65,79.75,0.0,0.0,0.0
2014-03-01,6.75,79.65,0.0,0.0,0.0
2014-03-01,6.75,79.75,0.0,0.0,0.0
2014-03-01,6.85,79.65,0.3227,0.3227,0.0
2014-03-01,6.85,79.75,4.978,4.978,0.0
2014-03-01,6.95,79.25,0.0,0.0,0.0
2014-03-01,6.95,79.65,2.218,2.218,0.0
2014-03-01,6.95,79.75,13.2338,13.2338,0.0
2014-03-01,6.95,79.85,0.0,0.0,0.0
2014-03-01,7.05,78.75,0.0,0.0,0.0
2014-03-01,7.05,78.95,0.0,0.0,0.0
2014-03-01,7.05,79.05,0.0,0.0,0.0
2014-03-01,7.05,79.35,0.0,0.0,0.0
2014-03-01,7.05,79.55,0.0,0.0,0.0
2014-03-01,7.05,79.65,1.6347,1.6347,0.0
2014-04-01,4.75,78.85,0.0,0.0,0.0
2014-04-01,4.95,79.75,0.0,0.0,0.0
2014-04-01,5.45,79.25,0.0,0.0,0.0
2014-04-01,5.75,79.35,0.0,0.0,0.0
2014-04-01,5.85,80.35,0.0,0.0,0.0
2014-04-01,5.85,80.65,0.0,0.0,0.0
2014-04-01,5.85,80.85,0.0,0.0,0.0
2014-04-01,5.85,81.05,0.0,0.0,0.0
2014-04-01,5.85,81.15,0.0,0.0,0.0
2014-04-01,5.85,82.15,0.0,0.0,0.0
2014-04-01,5.85,82.25,0.0,0.0,0.0
2014-04-01,5.85,82.45,0.0,0.0,0.0
2014-04-01,5.85,82.75,0.0,0.0,0.0
2014-04-01,5.95,79.25,0.0,0.0,0.0
2014-04-01,5.95,80.15,0.0,0.0,0.0
2014-04-01,5.95,80.25,0.0,0.0,0.0
2014-04-01,6.05,79.35,0.0,0.0,0.0
2014-04-01,6.05,79.55,0.0,0.0,0.0
2014-04-01,6.05,79.65,0.0,0.0,0.0
2014-04-01,6.05,79.85,0.0,0.0,0.0
2014-04-01,6.05,79.95,0.0,0.0,0.0
2014-04-01,6.15,79.35,0.0,0.0,0.0
2014-04-01,6.15,79.55,0.0,0.0,0.0
2014-04-01,6.25,79.05,0.0,0.0,0.0
2014-04-01,6.85,79.65,0.0,0.0,0.0
2014-04-01,6.85,79.75,0.0,0.0,0.0
2014-04-01,6.95,79.75,0.0,0.0,0.0
2014-04-01,6.95,79.85,0.0,0.0,0.0
2014-04-01,7.05,79.85,0.0,0.0,0.0
2014-05-01,4.75,79.65,0.0,0.0,0.0
2014-05-01,4.75,79.95,0.0,0.0,0.0
2014-05-01,4.75,80.25,0.0,0.0,0.0
2014-05-01,4.85,81.15,0.0,0.0,0.0
2014-05-01,4.95,81.75,0.0,0.0,0.0
2014-05-01,4.95,82.15,0.0,0.0,0.0
2014-05-01,5.05,82.55,0.0,0.0,0.0
2014-05-01,5.15,79.35,0.0,0.0,0.0
2014-05-01,5.85,80.15,0.0,0.0,0.0
2014-05-01,5.85,80.35,0.0,0.0,0.0
2014-05-01,5.85,80.75,0.0,0.0,0.0
2014-05-01,5.85,81.05,0.0,0.0,0.0
2014-05-01,5.85,81.25,0.0,0.0,0.0
2014-05-01,5.85,81.35,0.0,0.0,0.0
2014-05-01,5.85,81.45,0.0,0.0,0.0
2014-05-01,5.85,81.55,0.0,0.0,0.0
2014-05-01,5.85,81.85,0.0,0.0,0.0
2014-05-01,5.85,81.95,0.0,0.0,0.0
2014-05-01,5.85,82.35,0.0,0.0,0.0
2014-05-01,5.85,82.55,0.0,0.0,0.0
2014-05-01,5.85,82.75,0.0,0.0,0.0
2014-05-01,5.95,79.75,0.0,0.0,0.0
2014-05-01,5.95,80.25,0.0,0.0,0.0
2014-05-01,5.95,82.05,0.0,0.0,0.0
2014-05-01,6.05,79.75,0.0,0.0,0.0
2014-05-01,6.05,79.95,0.0,0.0,0.0
2014-05-01,6.15,79.45,0.0,0.0,0.0
2014-05-01,6.15,79.55,0.0,0.0,0.0
2014-05-01,6.25,79.15,0.0,0.0,0.0
2014-05-01,6.25,79.25,0.0,0.0,0.0
2014-05-01,6.25,79.45,0.0,0.0,0.0
2014-05-01,6.35,79.15,0.0,0.0,0.0
2014-05-01,6.45,78.85,0.0,0.0,0.0
2014-05-01,6.45,79.65,0.0,0.0,0.0
2014-05-01,6.75,79.65,0.0,0.0,0.0
2014-05-01,6.75,79.75,0.0,0.0,0.0
2014-05-01,6.85,79.65,0.0,0.0,0.0
2014-05-01,6.85,79.75,0.0,0.0,0.0
2014-05-01,6.95,79.75,0.0,0.0,0.0
2014-05-01,6.95,79.85,0.0,0.0,0.0
2014-05-01,7.05,79.75,0.0,0.0,0.0
2014-05-01,7.05,79.85,0.0,0.0,0.0
2014-06-01,5.15,79.95,0.0,0.0,0.0
2014-06-01,5.35,82.25,0.0,0.0,0.0
2014-06-01,5.45,79.65,0.0,0.0,0.0
2014-06-01,5.45,79.85,0.0,0.0,0.0
2014-06-01,5.45,80.05,0.0,0.0,0.0
2014-06-01,5.65,80.15,0.0,0.0,0.0
2014-06-01,5.75,79.65,0.0,0.0,0.0
2014-06-01,5.75,79.85,0.0,0.0,0.0
2014-06-01,5.75,80.15,0.0,0.0,0.0
2014-06-01,5.95,80.15,0.0,0.0,0.0
2014-06-01,6.05,79.85,0.0,0.0,0.0
2014-06-01,6.15,79.25,0.0,0.0,0.0
2014-06-01,6.15,79.75,0.0,0.0,0.0
2014-06-01,6.35,79.75,0.0,0.0,0.0
2014-06-01,6.45,78.75,0.0,0.0,0.0
2014-06-01,6.65,79.65,0.0,0.0,0.0
2014-06-01,6.65,79.75,0.0,0.0,0.0
2014-06-01,6.75,79.65,0.0,0.0,0.0
2014-06-01,6.75,79.75,0.0,0.0,0.0
2014-06-01,6.85,79.65,0.0,0.0,0.0
2014-06-01,6.85,79.75,0.0,0.0,0.0
2014-06-01,6.85,79.85,0.0,0.0,0.0
2014-06-01,6.95,79.65,0.0,0.0,0.0
2014-06-01,6.95,79.75,3.1258,3.1258,0.0
2014-06-01,6.95,79.85,0.0,0.0,0.0
2014-06-01,7.05,79.65,0.0,0.0,0.0
2014-06-01,7.05,79.75,0.0,0.0,0.0
2014-07-01,5.85,80.85,0.0,0.0,0.0
2014-07-01,5.85,81.55,0.0,0.0,0.0
2014-07-01,5.85,81.75,0.0,0.0,0.0
2014-07-01,5.85,81.85,0.0,0.0,0.0
2014-07-01,5.85,82.15,0.0,0.0,0.0
2014-07-01,5.85,82.25,0.0,0.0,0.0
2014-07-01,6.05,79.85,0.0,0.0,0.0
2014-07-01,6.05,80.05,0.0,0.0,0.0
2014-07-01,6.15,79.25,0.0,0.0,0.0
2014-07-01,6.15,79.55,0.0,0.0,0.0
2014-07-01,6.25,79.15,0.0,0.0,0.0
2014-07-01,6.55,78.85,0.0,0.0,0.0
2014-07-01,6.95,79.65,0.0,0.0,0.0
2014-07-01,6.95,79.85,0.0,0.0,0.0
2014-08-01,4.75,79.75,0.0,0.0,0.0
2014-08-01,4.75,80.35,0.0,0.0,0.0
2014-08-01,4.85,79.75,0.0,0.0,0.0
2014-08-01,5.55,79.35,0.0,0.0,0.0
2014-08-01,5.85,81.75,0.0,0.0,0.0
2014-08-01,6.25,79.75,0.0,0.0,0.0
2014-08-01,6.85,79.75,0.0,0.0,0.0
2014-08-01,6.95,79.65,0.0,0.0,0.0
2014-08-01,6.95,79.75,0.0,0.0,0.0
2014-08-01,6.95,79.85,0.0,0.0,0.0
2014-08-01,7.05,79.05,0.0,0.0,0.0
2014-08-01,10.25,82.25,0.0,0.0,0.0
2014-09-01,5.95,82.25,0.0,0.0,0.0
2014-09-01,5.95,82.55,0.0,0.0,0.0
2014-09-01,5.95,82.75,0.0,0.0,0.0
2014-09-01,6.05,79.65,0.0,0.0,0.0
2014-09-01,6.15,79.45,0.0,0.0,0.0
2014-09-01,6.85,79.65,0.0,0.0,0.0
2014-09-01,6.95,79.65,0.0,0.0,0.0
2014-09-01,7.05,79.65,0.0,0.0,0.0
2014-09-01,7.05,79.75,0.0,0.0,0.0
2014-10-01,5.35,78.85,0.0,0.0,0.0
2014-10-01,5.55,78.95,0.0,0.0,0.0
2014-10-01,5.75,80.15,0.0,0.0,0.0
2014-10-01,5.75,80.45,0.0,0.0,0.0
2014-10-01,5.75,81.25,0.0,0.0,0.0
2014-10-01,5.75,81.35,0.0,0.0,0.0
2014-10-01,5.75,81.45,0.0,0.0,0.0
2014-10-01,5.85,79.15,0.0,0.0,0.0
2014-10-01,5.85,81.55,0.0,0.0,0.0
2014-10-01,5.85,81.75,0.0,0.0,0.0
2014-10-01,5.85,82.05,0.0,0.0,0.0
2014-10-01,5.85,82.55,0.0,0.0,0.0
2014-10-01,5.95,79.25,0.0,0.0,0.0
2014-10-01,5.95,79.45,0.0,0.0,0.0
2014-10-01,5.95,79.55,0.0,0.0,0.0
2014-10-01,6.05,79.25,0.0,0.0,0.0
2014-10-01,6.05,79.35,0.0,0.0,0.0
2014-10-01,6.75,79.65,0.0,0.0,0.0
